id,name,category,displayCategory,needTags,situationTags,supportTags,eligibility,provider,catchment,referral,description,link,linkLabel,source,confidence
directory-accommodation-transport-expenses-and-visitor-services-multi-purpose-taxi-program,Multi-purpose taxi program,"Accommodation, transport expenses and visitor services",Transport,transport; housing,,information,"Victorians with a severe and permanent disability that significantly affects independent use of public transport, assessed under MPTP rules.",Safe Transport Victoria,Victoria,Apply or manage membership through Safe Transport Victoria MPTP member/applicant information. Medical practitioner assessment is used to determine eligibility.,"Subsidised commercial passenger vehicle fares for eligible members with accessibility and mobility needs, usually 50% of the fare up to a per-trip cap.",https://safetransport.vic.gov.au/on-the-road/multi-purpose-taxi-program/,Safe Transport Victoria - Multi Purpose Taxi Program,official public webpage,verified-public-source
directory-accommodation-transport-expenses-and-visitor-services-travellers-aid,Travellers Aid,"Accommodation, transport expenses and visitor services",Transport,transport; housing,,information,"Travellers in Melbourne and regional Victoria who need support with public transport access, mobility assistance or travel emergencies.",Travellers Aid Australia,Melbourne and regional Victoria,"Use the Travellers Aid contact page or service locations to enquire about mobility assistance, companion service, station lounges and travel emergency support.",Not-for-profit travel support service helping people with special requirements or travel emergencies to use public transport and remain connected.,https://www.travellersaid.org.au/,Travellers Aid Australia,official public webpage,verified-public-source
directory-aged-care-carers-victoria,Carers Victoria,Aged Care,Carer,carer-family,carer,information,"Unpaid carers, former carers and supporters seeking carer information, support, membership or local carer support groups.",Carers Victoria,Victoria,"Call Carers Victoria on 1800 514 845 or use the website to access carer advice, programs, membership and carer support groups.","Victorian peak body for unpaid carers providing support, advice, advocacy, events, education and links to carer support groups.",https://www.carersvictoria.org.au/,Carers Victoria,official public webpage,verified-public-source
verified-directline-0,DirectLine,Alcohol and other drug,MH/AOD,mental-health-aod; carer-family,urgent,crisis; clinical,"People in Victoria concerned about their own or someone else's alcohol or drug use, including family members and health professionals.",AOD counselling and referral service,Victoria,"Phone 1800 888 236 or use online support; available 24 hours, 7 days.","Free, confidential alcohol and drug counselling, information, support and referral in Victoria.",https://www.directline.org.au/,,audited workbook,verified-public-source
verified-cancer-care-home-1,Cancer Care @ Home,Cancer / palliative care,Clinical care at home,post-acute; condition-specific,hospital-discharge,clinical,"Eligible SVHM Haematology or Oncology patients who are clinically stable, have a safe home environment, appropriate access, and treatment suitable for home administration.",Hospital (SVHM Cancer Services and District Nursing),Catchment based for home cancer treatment.,Internal pathway through Electronic Patient Journey Board and Cancer Care @ Home screening; coordinator phone 0478 970 116.,"Home administration of selected anti-cancer and supportive care therapies by specialist cancer nurses and district nurses, with allied health access as needed.",https://www.svhm.org.au/health-professionals/gp-liaison/community-and-home-services/cancer-care-home,,audited workbook,verified-public-source
verified-pallcare-home-2,PallCare@Home,Cancer / palliative care,Clinical care at home,post-acute; condition-specific; veterans,veteran; hospital-discharge,case-management; clinical,People with progressive life-limiting or life-threatening disease who need specialist multidisciplinary palliative care at home.,Hospital (SVHM),"Yarra, Boroondara and Darebin, or within 20 km of Fitzroy.","Internal SVHM referrals via Electronic Patient Journey Board. External referrals: call Caritas Christi Admission Coordinator on 03 9056 1005, Monday-Friday 8am-4pm; email cchadmissionscoordinator@svha.org.au with SCTT Palliative Care Supplementary information. PACE enquiries: 0408 060 790, Monday-Friday 8am-4pm.","Short-term specialist palliative care at home, including symptom care, psychosocial support, respite, advance care planning, care coordination and end-of-life care at home.",https://www.svhm.org.au/health-professionals/gp-liaison/community-and-home-services/pallcare-home,,audited workbook,verified-public-source
verified-alert-psychosocial-hip-complex-care-3,ALERT Psychosocial (HIP Complex Care),Care coordination / case management,Discharge,post-acute; housing; family-violence; disability; mental-health-aod; carer-family,urgent; disability; homelessness; hospital-discharge,case-management; crisis; clinical,"People with complex psychosocial and medical needs, including frequent presenters or people at risk of re-presentation due to homelessness, substance use, mental health, family violence, disability or complex aged care needs.",Hospital (SVHM HIP / ALERT),,External referrals through HIP Central Intake: phone 1300 131 470 option 1; hipcentralreferrals@svha.org.au. Internal urgent ED requests via pager 204.,"Coordinated care bridging acute ED and community care, including ED care coordination and short-term community case management.",https://www.svhm.org.au/health-professionals/gp-liaison/community-and-home-services/hip-complex-care-services-psychosocial-alert,,audited workbook,verified-public-source
verified-health-management-coaching-4,Health Management Coaching,Care coordination / case management,Discharge,post-acute,hospital-discharge,case-management; clinical,"Eligible SVHM clients needing support after an acute cardiac event, cardiac procedure, chronic heart failure or Type 2 diabetes.",Hospital (SVHM),,Internal hospital referrals.,"Telephone-based coaching and education to support risk factor modification, self-management and links with usual care.",https://www.svhm.org.au/health-professionals/gp-liaison/community-and-home-services/health-management-coaching,,audited workbook,verified-public-source
verified-hip-complex-care-5,Health Independence Program (HIP) Complex Care,Care coordination / case management,Discharge,post-acute,hospital-discharge,case-management; clinical,"People with complex needs linked to chronic conditions such as chronic lung disease, heart disease, diabetes, HIV and other chronic conditions.",Hospital (SVHM HIP),"Primary catchment: Yarra, Boroondara and southern Darebin. Secondary catchment: parts of Darebin, Merri-bek, Stonnington and Melbourne. HIV service is statewide.",HIP Central Referrals: phone 1300 131 470; HIPCentralReferrals@svha.org.au.,"Multidisciplinary care coordination, disease-specific intervention and support for clients with complex needs.",https://www.svhm.org.au/health-professionals/gp-liaison/community-and-home-services/hip-complex-care-services-chronic-disease,,audited workbook,verified-public-source
verified-carer-gateway-counselling,Carer Gateway - counselling,Carer support,Carer,carer-family; mental-health-aod,carer,clinical,"Carers feeling stressed, anxious, sad or frustrated.",Australian Government Carer Gateway service providers,Australia,Call Carer Gateway on 1800 422 737 or access services through carergateway.gov.au.,Carer Gateway offers in-person and phone counselling for carers.,https://www.carergateway.gov.au/help-and-support/getting-support-carergatewy/services-and-support,What services and support are available | Carer Gateway,official public source,verified-public-source
verified-carer-gateway-respite,Carer Gateway - respite,Carer support,Carer,carer-family,carer,personal-care; case-management,Carers seeking planned respite or emergency respite support.,Australian Government Carer Gateway service providers,Australia,Call Carer Gateway on 1800 422 737 or access services through carergateway.gov.au.,"Carer Gateway offers planned respite and access to emergency respite when a carer cannot provide care, such as illness or injury.",https://www.carergateway.gov.au/help-and-support/getting-support-carergatewy/services-and-support,What services and support are available | Carer Gateway,official public source,verified-public-source
directory-culturally-and-linguistically-diverse-cald-asylum-seeker-resource-centre,Asylum Seeker Resource Centre,Culturally and Linguistically Diverse (CaLD),Identity-specific,identity-specific,culturally-diverse,information,"People seeking asylum and refugees needing ASRC support, subject to program availability and eligibility.",Asylum Seeker Resource Centre,Melbourne / Victoria,"Call 03 9326 6066 or use the ASRC Get Help pathway. Public help hours listed by ASRC are Monday, Tuesday, Thursday and Friday, 10am-4pm.","Community organisation providing practical support for people seeking asylum, including foodbank, material aid, support services, healthcare, legal and employment pathways.",https://asrc.org.au/,Asylum Seeker Resource Centre - Get Help,official public webpage,verified-public-source
verified-arbias-8,ARBIAS,Disability,Disability,disability,disability,information,"People with acquired brain injury or complex comorbidities who may need specialist disability, NDIS or community support.",arbias Ltd,Victoria and New South Wales,"Use the ARBIAS Make a referral pathway, or contact the Victorian team on 03 8388 1222 / EnquiriesVIC@arbias.com.au.","Specialist acquired brain injury and complex needs disability service provider, including practical person-centred support, housing and daily living support, community connection and NDIS-related services.",https://arbias.org.au/,ARBIAS,official public webpage,verified-public-source
verified-disability-liaison-officer-program-9,Disability Liaison Officer Program,Disability,Disability,post-acute; disability; carer-family,carer; disability; hospital-discharge,clinical,"SVHM patients or people residing in Boroondara, Darebin, Melbourne or Yarra who have disability, plus families, carers and healthcare teams.",Hospital (SVHM),"SVHM patients; Boroondara, Darebin, Melbourne and Yarra residents.",Self-referral welcomed. Phone 03 9231 2733 or DisabilityLiaisonOfficerSVHM@svha.org.au.,"Supports people with disability and healthcare teams to reduce barriers to safer, more accessible and inclusive healthcare, and to connect with health and human services.",https://www.svhm.org.au/health-professionals/gp-liaison/community-and-home-services/disability-liaison-officer-program,,audited workbook,verified-public-source
verified-ndis-10,National Disability Insurance Scheme (NDIS),Disability,Disability,disability; financial-legal,disability,clinical; personal-care,"Under 65 when applying; Australian citizen, permanent resident or Protected Special Category Visa holder; lives in Australia; disability caused by permanent impairment that substantially affects everyday life, social/work/study participation, and requires NDIS supports across life.",National Disability Insurance Agency,Australia,Apply through an NDIS partner or access request process; NDIS contact centre 1800 800 110.,National scheme for disability-related supports for eligible people with permanent and significant disability.,https://www.ndis.gov.au/applying/eligibility-requirements/how-check-your-eligibility,,audited workbook,verified-public-source
verified-young-adult-complex-disability-service-11,Young Adult Complex Disability Service,Disability,Disability,post-acute; disability; carer-family,young-person; disability; hospital-discharge,clinical,"Young people aged 17 to 40 with complex physical and medical needs, predominantly cerebral palsy, who need medical and allied health input for transition from paediatric to adult services.",Hospital (SVHM),Statewide Victoria.,Written referral to YoungAdult.ComplexDisability@svha.org.au.,"Statewide multidisciplinary service supporting transition to adult services, assessment, therapy, equipment, referrals and links with community clinicians.",https://www.svhm.org.au/health-professionals/gp-liaison/community-and-home-services/young-adult-complex-disability-service-yacds,,audited workbook,verified-public-source
verified-the-orange-door-12,The Orange Door,Family violence,FV,family-violence; carer-family,young-person,case-management; clinical,"People experiencing or using family violence, and people needing support with the care and wellbeing of children and young people.",Victorian Government and partner agencies,Victoria; local Orange Door areas.,Free service; no referral required. Find local support through The Orange Door. If in danger call 000.,Family violence and child/family wellbeing access point that listens and links people to support quickly.,https://www.orangedoor.vic.gov.au/,,audited workbook,verified-public-source
directory-family-violence-1800-respect-24-hour-counselling-support,1800 Respect (24 hour counselling support),Family Violence,FV,family-violence; carer-family,urgent,crisis,"People in Australia impacted by domestic, family or sexual violence, and people supporting someone affected.",1800RESPECT,Australia-wide,"Call 1800 737 732, text 0458 737 732, use online chat or video call 24/7. Call 000 if in immediate danger.","National 24/7 counselling, information and support service for domestic, family and sexual violence.",https://1800respect.org.au/,1800RESPECT,official public webpage,verified-public-source
directory-family-violence-djirra-family-violence-and-legal-support-for-aboriginal-women,Djirra – Family Violence and legal support for Aboriginal women,Family Violence,FV,family-violence; financial-legal; carer-family; identity-specific,aboriginal; culturally-diverse,legal,"Aboriginal women and Aboriginal people seeking culturally safe family violence, legal and wellbeing support.",Djirra,Victoria,"Call Djirra on 1800 105 303 for intake, legal help or family violence support. Call 000 if in immediate danger.","Culturally safe Aboriginal community-controlled service offering family violence prevention, legal support, Koori Women's Place, support services and cultural wellbeing programs.",https://djirra.org.au/,Djirra,official public webpage,verified-public-source
directory-family-violence-intouch-multicultural-centre-against-family-violence,InTouch Multicultural Centre Against Family Violence,Family Violence,FV,family-violence; carer-family,,information,"Migrant and refugee women, families and communities affected by family violence.",inTouch Multicultural Centre Against Family Violence,Victoria,"Call inTouch on 1800 755 988, Monday-Friday 9am-5pm, or use the Get Help page. Call 000 if in immediate danger.","Specialist multicultural family violence service providing in-language and in-culture support, case management, legal centre support, migration assistance, crisis recovery and sector programs.",https://intouch.org.au/,inTouch - Get Help,official public webpage,verified-public-source
directory-family-violence-safe-steps-24-hour-crisis-support,Safe Steps (24 hour crisis support),Family Violence,FV,family-violence; carer-family,urgent,crisis,"People in Victoria experiencing family or domestic violence, including people needing immediate crisis support.",Safe Steps Family Violence Response Centre,Victoria,"Call 1800 015 188 any time, day or night, or use Safe Steps live chat. No formal referral required. Call 000 if in immediate danger.","Statewide 24/7 confidential family and domestic violence crisis support service, including risk assessment, safety planning, referrals and crisis accommodation pathways.",https://safesteps.org.au/,Safe Steps,official public webpage,verified-public-source
directory-family-violence-sexual-assault-crisis-line,Sexual Assault Crisis Line,Family Violence,FV,family-violence; carer-family,urgent,crisis,"Victorians affected by sexual assault, including victim-survivors and professionals seeking after-hours consultation.",Sexual Assault Crisis Line Victoria,Victoria,"Call 1800 806 292 for 24/7 counselling support. For recent sexual assault or professional consultation after hours, call 1800 577 011.",Statewide telephone crisis counselling and after-hours support for people affected by sexual assault.,https://www.sacl.com.au/,Sexual Assault Crisis Line,official public webpage,verified-public-source
directory-family-violence-with-respect-lgbtiqa,With Respect (LGBTIQA+),Family Violence,FV,family-violence; carer-family; identity-specific,lgbtiqa,information,"LGBTIQA+ people and families across Victoria impacted by family violence, including young people and professionals seeking secondary consultation.",Queerspace / WithRespect,Victoria,"Call 03 9663 6733 or email queerspacefv@ds.org.au for WithRespect case management, counselling or secondary consultation. For crisis response use 1800RESPECT, Safe Steps, SACL, QLife, Rainbow Door or 000 as appropriate.","Family violence service for LGBTIQA+ people across Victoria, offering case management, counselling and secondary consultation through an LGBTIQA+ family violence lens.",https://www.queerspace.org.au/our-programs/withrespect/,Queerspace - WithRespect,official public webpage,verified-public-source
directory-financial-centrelink,Centrelink,Financial,Financial,financial-legal,,money,"People needing Centrelink payment, concession, crisis payment, income support or service information.",Services Australia,Australia-wide,Use myGov / Centrelink online account for most claims and updates. Use Services Australia contact and service centre finder for the correct Centrelink phone line or local office.,"Australian Government payment and service access point covering Centrelink income support, concessions and related social security payments.",https://www.servicesaustralia.gov.au/contact-us,Services Australia - Contact us,official public webpage,verified-public-source
verified-tac-13,Transport Accident Commission (TAC),Financial / legal / compensation,Financial,post-acute; transport; financial-legal; mental-health-aod,hospital-discharge,case-management; clinical; personal-care; money; legal,TAC clients with transport accident injuries where treatment or services are recommended by a doctor or health professional and are for accident injuries.,Transport Accident Commission (Victorian Government),Victoria,Contact TAC or the TAC claims manager for treatment needs and approvals; TAC contact page lists 1300 654 329.,"Can help pay for accident-related treatments and services, including hospital treatment, rehabilitation, community nursing, mental health and wellbeing services, travel, support at home, attendant care and support navigation.",https://www.tac.vic.gov.au/clients/how-we-can-help/treatments-and-services,,audited workbook,verified-public-source
verified-victim-of-crime-financial-assistance-scheme-14,Victim of Crime Financial Assistance Scheme,Financial / legal / compensation,Financial,financial-legal,,money; legal,"People affected by violent crime in Victoria who may qualify as primary, secondary or related victims under the scheme.",Victims of Crime Financial Assistance Scheme / Victorian Government,Victoria,"Start a new application through the FAS portal, submit an online enquiry, or call the FAS Helpline on 1800 161 136, Monday-Friday 8:30am-5:30pm except public holidays.","Official Victorian Government financial assistance scheme for people affected by crime, including eligibility checks, application support, payments and victim support links.",https://www.victimsofcrime.vic.gov.au/fas,Victims of Crime Financial Assistance Scheme,official public webpage,verified-public-source
directory-guardianship-and-administration-office-of-the-public-advocate-opa,Office of the Public Advocate (OPA),Guardianship and Administration,Legal,financial-legal,,legal,"People needing information about guardianship, administration, medical treatment decision-making, enduring powers, advance care directives or rights of people with disability and mental illness.",Office of the Public Advocate Victoria,Victoria,"Call OPA Advice Service on 1300 309 337, Monday-Friday 9am-3pm, or use the OPA contact page.","Victorian human rights organisation promoting and safeguarding the rights, dignity and inclusion of people with disability and mental illness.",https://www.publicadvocate.vic.gov.au/,Office of the Public Advocate,official public webpage,verified-public-source
directory-guardianship-and-administration-victorian-civil-and-administrative-tribunal-vcat,Victorian Civil and Administrative Tribunal (VCAT),Guardianship and Administration,Legal,financial-legal,,legal,"People with a matter within VCAT jurisdiction, including guardianship and administration, residential tenancies, civil disputes, powers of attorney or other listed case types.",Victorian Civil and Administrative Tribunal,Victoria,Use the VCAT website to select the relevant case type and apply online. Contact VCAT or seek legal advice if unsure which application is appropriate.,"Tribunal that resolves disputes and makes administrative decisions across listed Victorian case types, including guardianship, administration, tenancies and civil matters.",https://www.vcat.vic.gov.au/,VCAT,official public webpage,verified-public-source
verified-district-nursing-15,District Nursing,Health / clinical at home,Clinical care at home,post-acute; carer-family,hospital-discharge,clinical,"People who are clinically stable, safe to receive care at home, consent to service, and can complete an in-home risk assessment.",Hospital (SVHM at Home),,Internal referral via Electronic Patient Journey Board. Other referrals via Intake Coordinator Team on 03 9231 3817 or SVAHIntake.SVHM@svha.org.au. CHSP clients over 65 via My Aged Care.,"Home-based nursing care including medication management, diabetes monitoring and management, wound care, catheter care and general nursing assessment.",https://www.svhm.org.au/health-professionals/gp-liaison/community-and-home-services/district-nursing,,audited workbook,verified-public-source
verified-home-and-community-care-program-for-younger-people-16,Home and Community Care Program for Younger People,Health / clinical at home,Clinical care at home,post-acute; identity-specific,young-person; aboriginal,case-management; clinical; personal-care,"Victorians from birth to 65 years, and Aboriginal people from birth to 50 years, who need support to maintain or regain independence at home and in the community.",Victorian Government-funded providers,Victoria; local access depends on the relevant assessment and service provider.,Access is generally through an assessment provider; some nursing and allied health services may accept direct referral.,"Supports independence through services such as assessment, allied health, nursing, personal or in-home support, and social or community engagement.",https://www.health.vic.gov.au/home-and-community-care/hacc-program-for-younger-people,,audited workbook,verified-public-source
verified-hospital-in-the-home-17,Hospital in the Home,Health / clinical at home,Clinical care at home,post-acute; housing; transport,hospital-discharge,clinical,"Patients who would otherwise need ED or acute ward care, are haemodynamically stable, consent to HITH, meet home-visiting risk assessment requirements and have suitable access to phone and home supports.",Hospital (SVHM at Home),"SVHM nursing catchment is generally 25 to 30 km from Fitzroy, with subcontracted or regional services beyond where available.",Internal referral via Electronic Patient Journey Board. External referrals after discussion with HITH consultant via SVHM switch 03 9231 2211; email HITHTeam.SVHM@svha.org.au and SVAHIntake.SVHM@svha.org.au.,"Medically led bed-substitution and ED-diversion model delivering acute-level care in a home, work, study or alternative accommodation setting.",https://www.svhm.org.au/health-professionals/gp-liaison/community-and-home-services/hospital-in-the-home,,audited workbook,verified-public-source
directory-homelessness-launch-housing,Launch Housing,Homelessness,Housing,housing; financial-legal,urgent; homelessness,crisis,"People experiencing homelessness, rough sleeping or housing stress across Greater Melbourne.",Launch Housing,Greater Melbourne,"For homelessness help call 1800 825 955. Use Launch Housing Get Help pages for crisis accommodation, rental support, women's services and rough sleeping outreach.","Melbourne homelessness and community housing organisation providing crisis accommodation, rental support, outreach, health and wellbeing links and long-term housing pathways.",https://www.launchhousing.org.au/,Launch Housing,official public webpage,verified-public-source
verified-bhhp-sumner-house-18,BHHP Sumner House,Housing / homelessness,Housing,housing; mental-health-aod; carer-family; identity-specific,aboriginal; homelessness,case-management; clinical,People aged 30 years and over experiencing chronic homelessness with physical or mental health issues and readiness for change. Priority for people over 40 and Aboriginal or Torres Strait Islander people.,SVHM with Launch Housing and Brotherhood of St Laurence,"Sumner House, Fitzroy.",Referrals: BHHPReferrals@svha.org.au.,"Residential integrated health and homelessness service for chronic homelessness and poor health, usually for 3 to 6 months.",https://www.svhm.org.au/health-professionals/gp-liaison/community-and-home-services/better-health-and-housing-program,,audited workbook,verified-public-source
verified-crisis-and-emergency-accommodation-19,Crisis and emergency accommodation,Housing / homelessness,Housing,housing; transport; family-violence; carer-family,urgent; homelessness,case-management; crisis,"People who are homeless, at risk of homelessness, or escaping family violence.",Victorian Government / funded homelessness services,Victoria,Call 1800 825 955 for homelessness help. If escaping family violence call Safe Steps on 1800 015 188. Call 000 if in immediate danger.,Statewide crisis and emergency accommodation entry information and after-hours pathways to local help.,https://www.housing.vic.gov.au/crisis-emergency-accommodation,,audited workbook,verified-public-source
verified-elizabeth-street-common-ground-20,Elizabeth Street Common Ground,Housing / homelessness,Housing,housing; disability; mental-health-aod,disability; homelessness,case-management; clinical,"Single adults with a history of homelessness and rough sleeping, plus factors such as mental illness, drug and alcohol dependency, disability/cognitive impairment or chronic health condition that create barriers to maintaining housing.",Launch Housing with Unison Community Housing and partners,Melbourne; referrals through homelessness access points across Victoria.,Referrals are through homelessness access points across Victoria.,"Permanent supportive housing initiative for long-term homelessness, providing studio apartments and ongoing 24-hour support to improve residents' health, wellbeing and lifestyle.",https://www.launchhousing.org.au/service/elizabeth-street-common-ground,,audited workbook,verified-public-source
verified-frontyard-youth-services-21,Frontyard Youth Services,Housing / homelessness,Housing,housing; transport; financial-legal; carer-family,young-person; homelessness,case-management; clinical; money; legal,"Young people aged 12 to 24 who are at risk of or experiencing homelessness in Melbourne CBD, Greater Melbourne or across Victoria.",Melbourne City Mission,"Melbourne CBD, Greater Melbourne and Victoria.",Enquire online or call 03 9977 0077; Frontyard contact details also list 1800 800 531 and frontyard@mcm.org.au.,"Specialist youth homelessness service with integrated support including statewide homelessness access point, case management, accommodation response, youth participation, health and wellbeing, legal and financial services, and assertive outreach.",https://www.mcm.org.au/services/homelessness/frontyard,,audited workbook,verified-public-source
verified-the-cottage-22,The Cottage,Housing / homelessness,Housing,post-acute; housing,homelessness; hospital-discharge,case-management; clinical; personal-care,"People who are homeless or at risk of homelessness, haemodynamically stable, able to attend activities of daily living, independently mobile, consenting and not in acute withdrawal.",Hospital (SVHM HITH with ALERT/HIP),Five-bed on-site Fitzroy campus facility.,Internal referral via Electronic Patient Journey Board. External referrals: HITHTeam.SVHM@svha.org.au.,"Acute HITH care in a cottage setting with homelessness, addiction and social vulnerability care coordination.",https://www.svhm.org.au/health-professionals/gp-liaison/community-and-home-services/hospital-in-the-home-hith-sr-francesca-healy-cottage,,audited workbook,verified-public-source
verified-disability-support-pension-23,Disability Support Pension,Income support,Financial,disability; financial-legal,disability,money,"People with a physical, intellectual or psychiatric condition likely to persist for more than 2 years and that stops them working, subject to medical and non-medical rules.",Services Australia,Australia,Claim through Services Australia / myGov.,Financial help for eligible people whose disability or medical condition prevents work.,https://www.servicesaustralia.gov.au/disability-support-pension,,audited workbook,verified-public-source
verified-jobseeker-payment-24,JobSeeker Payment,Income support,Financial,financial-legal; carer-family,,money,"People aged 22 to Age Pension age who are looking for work, or are sick or injured and cannot do usual work or study for a short time, subject to income, assets and residence rules.",Services Australia,Australia,Claim through Services Australia / myGov.,"Financial help for eligible people who are unemployed, looking for work, or temporarily unable to work or study due to sickness or injury.",https://www.servicesaustralia.gov.au/jobseeker-payment,,audited workbook,verified-public-source
directory-legal-victorian-legal-aid,Victorian Legal Aid,Legal,Legal,financial-legal,,legal,"Victorians needing legal information, advice, legal help chat, duty lawyer or representation depending on matter type and eligibility.",Victoria Legal Aid,Victoria,"Call 1300 792 387 or use Victoria Legal Aid online legal help chat. For court matters, check duty lawyer availability.","State legal assistance service helping Victorians with legal problems, legal information, advice, legal help chat and representation for people who need it most.",https://www.legalaid.vic.gov.au/,Victoria Legal Aid,official public webpage,verified-public-source
directory-legal-women-s-legal-service-victoria,Women’s Legal Service Victoria,Legal,Legal,financial-legal,,legal,"Women and non-binary people in Victoria, especially where family violence or sexual violence creates legal issues around safety, children, money, housing or immigration.",Women's Legal Service Victoria,Victoria,"Refer a client through the Women's Legal website, apply for legal help online, request secondary consultation, or call 1800 133 302 / 03 8622 0600.","Specialist legal service offering free legal information, client referral pathways, secondary consultation, court support information, training and advocacy for safer legal responses.",https://www.womenslegal.org.au/,Women's Legal Service Victoria,official public webpage,verified-public-source
directory-lgbtiqa-qlife-webchat-australia-wide,QLife WebChat Australia Wide,LGBTIQA+,Identity-specific,identity-specific,lgbtiqa,information,"LGBTIQ+ people in Australia wanting anonymous peer support about sexuality, gender, bodies, feelings or relationships.",QLife,Australia-wide,"Call 1800 184 527 or use QLife webchat, 3pm-9pm every day. QLife does not offer support by email.",Free anonymous LGBTIQ+ peer support and referral service by phone and webchat.,https://qlife.org.au/get-help,QLife Get Help,official public webpage,verified-public-source
directory-lgbtiqa-thorne-harbour-health,Thorne Harbour Health,LGBTIQA+,Identity-specific,identity-specific,lgbtiqa,information,"LGBTIQ+ communities and people living with HIV seeking health, mental health, AOD, family violence, disability, HIV or sexual health-related services.",Thorne Harbour Health,"Victoria, South Australia and selected online/telehealth services","Call 03 9865 6700, toll free 1800 134 840, email enquiries@thorneharbour.org, or use the contact form/service pages to find the right program.","Community-led HIV and LGBTIQ+ health organisation providing services across sexual health, mental health, AOD, family violence, disability, HIV support and peer programs.",https://thorneharbour.org/services/,Thorne Harbour Health services,official public webpage,verified-public-source
directory-mental-health-beyond-blue,Beyond Blue,Mental Health,MH/AOD,mental-health-aod,urgent,information,"Anyone in Australia seeking brief mental health support, including people feeling overwhelmed, experiencing anxiety or depression, or supporting someone else.",Beyond Blue,Australia,Call 1300 22 4636 for free confidential phone counselling 24/7. Webchat is also available through Beyond Blue.,"Free 24/7 telephone and online counselling service that can listen, provide brief support and point people toward the right mental health help.",https://www.beyondblue.org.au/get-support/talk-to-a-counsellor,Talk to a counsellor | Beyond Blue,pasted directory,verified-public-source
directory-mental-health-lifeline,Lifeline,Mental Health,MH/AOD,mental-health-aod,urgent,crisis,"Anyone in Australia experiencing crisis, distress, feeling overwhelmed, or needing short-term crisis support. If life is in danger call 000.",Lifeline Australia,Australia,"Call 13 11 14, text 0477 13 11 14, or use online chat. Phone, text and chat crisis support are available 24/7.","National crisis support service providing confidential short-term support by trained crisis supporters via phone, text and chat.",https://www.lifeline.org.au/about-us/our-services,Lifeline crisis support services,pasted directory,verified-public-source
verified-barbara-walker-centre-for-pain-management-bwcpm-25,Barbara Walker Centre for Pain Management (BWCPM),Pain management,Condition-specific,post-acute; disability; condition-specific,disability; hospital-discharge,clinical,People with persistent or chronic pain for more than 3 months that impacts daily activities; referrals assessed against statewide criteria.,Hospital (SVHM),,Medical referral required: BWCPM@svha.org.au.,Ambulatory outpatient interdisciplinary service for persistent and complex pain and related disability.,https://www.svhm.org.au/health-professionals/gp-liaison/community-and-home-services/barbara-walker-centre-for-pain-management-bwcpm,,audited workbook,verified-public-source
verified-inner-melbourne-post-acute-care-impac-26,Inner Melbourne Post Acute Care (IMPAC),Post-acute / transition care,Discharge,post-acute; housing; transport,hospital-discharge,case-management; clinical; personal-care,"People discharged home from a public hospital or public emergency department within the last 28 days, with a new need, living in City of Yarra, City of Boroondara, City of Melbourne, or Alphington, Fairfield, Northcote or Thornbury.",North Richmond Community Health; Victorian Government-supported,"City of Yarra, City of Boroondara, City of Melbourne, Alphington, Fairfield, Northcote and Thornbury.",Self-referral or hospital staff referral. Phone 03 9418 9954; IMPACreferrals@nrch.com.au.,"Short-term post-acute care coordination for up to 4 weeks after public hospital discharge, arranging home care, personal care, shopping assistance, nursing, physiotherapy, cleaning, respite or emergency accommodation where eligible.",https://nrch.com.au/services/impac/,,audited workbook,verified-public-source
verified-post-acute-care-27,Post-acute Care,Post-acute / transition care,Discharge,post-acute,hospital-discharge,information,"People needing short-term support after public hospital or emergency department discharge, with local access through Inner Melbourne Post Acute Care where eligible.",SVHM HIP / Inner Melbourne Post Acute Care via North Richmond Community Health,SVHM-connected inner Melbourne catchment; confirm current local eligibility before referral.,"For SVHM post-acute care, use Inner Melbourne Post Acute Care where eligible: phone 03 9418 9954; IMPACreferrals@nrch.com.au. Check local PAC eligibility and discharge timeframe before referral.",Post-acute support sits within HIP and supports transition from hospital to home. SVHM public information states SVHM receives PAC services through Inner Melbourne Post Acute Care delivered by North Richmond Community Health.,https://www.svhm.org.au/health-professionals/community-and-aged-care/health-independence-program,,audited workbook,verified-public-source
verified-community-rehabilitation-centres-28,Community Rehabilitation Centres,Rehabilitation,Rehabilitation,post-acute; transport; disability,disability; hospital-discharge,clinical,"People in Boroondara, Yarra and Darebin who are stable, have rehabilitation goals, can actively participate, and can safely travel to the centre for centre-based service.",Hospital (SVHM Community Rehabilitation),"Boroondara, Yarra and Darebin; centres at Kew and Fairfield.",Referrals to HIP Central Intake: phone 1300 131 470 option 1; HIPCentralReferrals@svha.org.au.,"Assessment and short-to-medium term rehabilitation for physical disability, frailty, chronic illness, recent change in function or recovery from injury or illness.",https://www.svhm.org.au/health-professionals/gp-liaison/community-and-home-services/community-rehabilitation-centres,,audited workbook,verified-public-source
verified-rehab-at-home-29,Rehab at home,Rehabilitation,Rehabilitation,post-acute,hospital-discharge,clinical,Medically stable clients with rehabilitation goals achievable in a 2 to 3 week admission.,Hospital (SVHM),"Yarra, Boroondara and Darebin.",Internal referral via Electronic Patient Journey Board. External referrals: svhm.rehabathome@svha.org.au.,"Admitted home-based specialist rehabilitation with rehabilitation physician, nursing, allied health and pharmacy input, plus 24-hour phone support.",https://www.svhm.org.au/health-professionals/gp-liaison/community-and-home-services/rehab-home,,audited workbook,verified-public-source
verified-rehabilitation-in-the-home-rith-difference-31,Rehabilitation In The Home (RITH) - difference?,Rehabilitation,Rehabilitation,post-acute,hospital-discharge,clinical,"People in Boroondara, Yarra and Darebin south of Bell Street who are stable, have rehabilitation goals and can actively participate.",Hospital (SVHM Community Rehabilitation),"Home-based RITH: Boroondara, Yarra and Darebin south of Bell Street.",HIP Central Referrals: phone 1300 131 470 option 1; HIPCentralReferrals@svha.org.au.,"Non-admitted Community Rehabilitation home service after hospital admission. Distinct from Rehab at Home, which is admitted rehabilitation.",https://www.svhm.org.au/health-professionals/gp-liaison/community-and-home-services/rehabilitation-in-the-home-rith,,audited workbook,verified-public-source
directory-support-for-specific-health-conditions-cancer-council-victoria,Cancer Council Victoria,Support for Specific Health Conditions,Condition-specific,condition-specific,,information,"Cancer patients, people living with cancer, families, carers, friends, teachers, students and healthcare professionals.",Cancer Council,Australia; state and territory Cancer Councils.,"Call Cancer Council 13 11 20. Service is generally open Monday to Friday 9am-5pm, with some state variation.","Free confidential cancer information and support service offering emotional, practical and cancer-related information support.",https://www.cancer.org.au/support-and-services/cancer-council-13-11-20,Cancer Council 13 11 20,pasted directory,verified-public-source
directory-support-for-specific-health-conditions-dementia-australia,Dementia Australia,Support for Specific Health Conditions,Condition-specific,condition-specific,,information,"People living with dementia or mild cognitive impairment, carers, family/friends, professionals, or people concerned about thinking, mood or memory.",Dementia Australia,Australia,"Call the National Dementia Helpline on 1800 100 500, use live chat, email helpline@dementia.org.au, or submit a personal referral form.","Free confidential 24/7 helpline providing dementia information, advice, emotional support, guidance and links to services.",https://www.dementia.org.au/get-support/national-dementia-helpline,National Dementia Helpline | Dementia Australia,pasted directory,verified-public-source
directory-support-for-specific-health-conditions-leukaemia-foundation,Leukaemia Foundation,Support for Specific Health Conditions,Condition-specific,condition-specific,,information,"People living with blood cancer, carers, family members, and healthcare providers supporting someone with blood cancer.",Leukaemia Foundation,Australia,"Call the Blood Cancer Support Line on 1800 620 420, Monday to Friday 9am-4pm AEST. Healthcare professionals can use the online support services referral form.","National blood cancer support service offering information, emotional support, accommodation, transport, financial support, support groups and navigation.",https://www.leukaemia.org.au/get-support/support-services-application/,Leukaemia Foundation support services application and referral form,pasted directory,verified-public-source
verified-stroke-foundation-strokeline,Stroke Foundation - StrokeLine,Condition-specific support,Condition-specific,condition-specific; stroke; neurological; rehabilitation,post-discharge; carer-support; new-diagnosis,information; navigation; phone-support,"Stroke survivors, families, carers and health professionals seeking stroke information and support in Australia.",Stroke Foundation,Australia-wide,"Call StrokeLine on 1800 787 653 or use the Stroke Foundation website for stroke information, recovery and support resources.","National stroke information and support line helping stroke survivors, families, carers and professionals access practical information, recovery resources and service navigation.",https://strokefoundation.org.au/what-we-do/for-survivors-and-carers/strokeline,Stroke Foundation - StrokeLine,official public webpage,verified-public-source
directory-support-for-specific-health-conditions-multiple-sclerosis-ms-society-of-australia,MS Plus,Support for Specific Health Conditions,Condition-specific,condition-specific,,information,"People living with multiple sclerosis or other neurological conditions, plus carers, family and friends seeking information, supports or services.",MS Plus,"Victoria, New South Wales, ACT, Tasmania and telehealth depending on service",Call MS Plus freecall 1800 042 138 or use the MS Plus health professional referral pathway / service finder.,"Neuro wellbeing organisation offering emotional and practical support for every stage of the MS journey, plus NDIS, allied health, accommodation, employment, peer support and education programs.",https://www.msplus.org.au/,MS Plus,official public webpage,verified-public-source
verified-vptas-32,Victorian Patient Transport Assistance Scheme (VPTAS),Transport / travel,Transport,housing; transport; financial-legal,,money; legal,"Victorian residents who meet citizenship or residency rules and travel long distances to the closest eligible specialist medical or dental service, including 100 km one way or 500 km in one week from rural/regional Victoria.",Victorian Government,Victoria,"Patient, guardian, power of attorney or guardian can submit a claim with specialist confirmation within 12 months.",Financial assistance toward travel and accommodation costs for eligible Victorians travelling for specialist treatment.,https://www.health.vic.gov.au/rural-health/victorian-patient-transport-assistance-scheme-vptas,,audited workbook,verified-public-source
directory-vahs-victorian-aboriginal-community-controlled-health-organisation-vaccho,Victorian Aboriginal Community Controlled Health Organisation (VACCHO),VAHS,Identity-specific,information; identity-specific,aboriginal,information,"Aboriginal and Torres Strait Islander people and communities seeking culturally safe health and wellbeing pathways, usually via local Aboriginal Community Controlled Organisations.",VACCHO,Victoria,Use VACCHO member information to identify a local Aboriginal Community Controlled Organisation. For sector/member navigation contact VACCHO on 03 9411 9411.,"Peak representative body for Aboriginal and Torres Strait Islander health and wellbeing in Victoria, supporting 34 member Aboriginal Community Controlled Organisations.",https://www.vaccho.org.au/,VACCHO,official public webpage,verified-public-source
directory-vahs-victorian-aboriginal-legal-service-vals,Victorian Aboriginal Legal Service (VALS),VAHS,Legal,information; financial-legal; identity-specific,aboriginal,legal,Aboriginal and Torres Strait Islander people in Victoria needing culturally safe legal assistance or support programs.,Victorian Aboriginal Legal Service,Victoria,"Call VALS on 1800 064 865 for legal assistance and first contact. For custody or urgent legal situations, use VALS' 24-hour criminal law pathway as directed by VALS.","Culturally capable legal service for Aboriginal people in criminal, family and civil law, with client service officers and community justice programs including family violence and women's transitional housing support.",https://www.vals.org.au/,VALS,official public webpage,verified-public-source
verified-dva-33,Department of Veterans' Affairs (DVA),Veterans support,Financial,transport; financial-legal; carer-family; veterans,veteran,clinical; personal-care,DVA clients and members of the veteran community who are eligible for DVA health supports or Veteran Card arrangements.,Australian Government Department of Veterans' Affairs,Australia,"DVA contact: 1800 838 372. Access may be through DVA Veteran Card arrangements, MyService/myGov, or DVA health providers depending on the support.","DVA health support can help with health care costs, medicines, transport, social networks, staying at home, care at home and aged care pathways.",https://www.dva.gov.au/what-we-help-with/health-support,,audited workbook,verified-public-source
